text,summary
"Analytic geometry, also called coordinate geometry, is the study of geometry using a coordinate system. This is concept #1 in the series.",Analytic geometry uses coordinates to study geometric figures. (Concept #1)
"The distance between two points (x₁, y₁) and (x₂, y₂) is given by the formula √((x₂ - x₁)² + (y₂ - y₁)²). This is concept #1 in the series.",Distance formula: √((x₂ - x₁)² + (y₂ - y₁)²) (Concept #1)
"The equation of a straight line in slope-intercept form is y = mx + c, where m is the slope and c is the y-intercept. This is concept #1 in the series.",Line equation: y = mx + c (Concept #1)
"A circle with center at (a, b) and radius r has the equation (x - a)² + (y - b)² = r². This is concept #1 in the series.",Circle equation: (x - a)² + (y - b)² = r² (Concept #1)
"The midpoint of a line segment connecting (x₁, y₁) and (x₂, y₂) is given by ((x₁ + x₂)/2, (y₁ + y₂)/2). This is concept #1 in the series.","Midpoint formula: ((x₁ + x₂)/2, (y₁ + y₂)/2) (Concept #1)"
The general form of the equation of a line is Ax + By + C = 0. This is concept #1 in the series.,General line form: Ax + By + C = 0 (Concept #1)
"The slope of a line passing through two points (x₁, y₁) and (x₂, y₂) is (y₂ - y₁) / (x₂ - x₁). This is concept #1 in the series.",Slope formula: (y₂ - y₁) / (x₂ - x₁) (Concept #1)
The equation of a parabola opening upwards with vertex at origin is y = ax². This is concept #1 in the series.,Parabola (upwards): y = ax² (Concept #1)
An ellipse with center at origin has equation (x²/a²) + (y²/b²) = 1. This is concept #1 in the series.,Ellipse equation: (x²/a²) + (y²/b²) = 1 (Concept #1)
A hyperbola with center at origin and transverse axis along x-axis has the equation (x²/a²) - (y²/b²) = 1. This is concept #1 in the series.,Hyperbola: (x²/a²) - (y²/b²) = 1 (Concept #1)
"Analytic geometry, also called coordinate geometry, is the study of geometry using a coordinate system. This is concept #2 in the series.",Analytic geometry uses coordinates to study geometric figures. (Concept #2)
"The distance between two points (x₁, y₁) and (x₂, y₂) is given by the formula √((x₂ - x₁)² + (y₂ - y₁)²). This is concept #2 in the series.",Distance formula: √((x₂ - x₁)² + (y₂ - y₁)²) (Concept #2)
"The equation of a straight line in slope-intercept form is y = mx + c, where m is the slope and c is the y-intercept. This is concept #2 in the series.",Line equation: y = mx + c (Concept #2)
"A circle with center at (a, b) and radius r has the equation (x - a)² + (y - b)² = r². This is concept #2 in the series.",Circle equation: (x - a)² + (y - b)² = r² (Concept #2)
"The midpoint of a line segment connecting (x₁, y₁) and (x₂, y₂) is given by ((x₁ + x₂)/2, (y₁ + y₂)/2). This is concept #2 in the series.","Midpoint formula: ((x₁ + x₂)/2, (y₁ + y₂)/2) (Concept #2)"
The general form of the equation of a line is Ax + By + C = 0. This is concept #2 in the series.,General line form: Ax + By + C = 0 (Concept #2)
"The slope of a line passing through two points (x₁, y₁) and (x₂, y₂) is (y₂ - y₁) / (x₂ - x₁). This is concept #2 in the series.",Slope formula: (y₂ - y₁) / (x₂ - x₁) (Concept #2)
The equation of a parabola opening upwards with vertex at origin is y = ax². This is concept #2 in the series.,Parabola (upwards): y = ax² (Concept #2)
An ellipse with center at origin has equation (x²/a²) + (y²/b²) = 1. This is concept #2 in the series.,Ellipse equation: (x²/a²) + (y²/b²) = 1 (Concept #2)
A hyperbola with center at origin and transverse axis along x-axis has the equation (x²/a²) - (y²/b²) = 1. This is concept #2 in the series.,Hyperbola: (x²/a²) - (y²/b²) = 1 (Concept #2)
"Analytic geometry, also called coordinate geometry, is the study of geometry using a coordinate system. This is concept #3 in the series.",Analytic geometry uses coordinates to study geometric figures. (Concept #3)
"The distance between two points (x₁, y₁) and (x₂, y₂) is given by the formula √((x₂ - x₁)² + (y₂ - y₁)²). This is concept #3 in the series.",Distance formula: √((x₂ - x₁)² + (y₂ - y₁)²) (Concept #3)
"The equation of a straight line in slope-intercept form is y = mx + c, where m is the slope and c is the y-intercept. This is concept #3 in the series.",Line equation: y = mx + c (Concept #3)
"A circle with center at (a, b) and radius r has the equation (x - a)² + (y - b)² = r². This is concept #3 in the series.",Circle equation: (x - a)² + (y - b)² = r² (Concept #3)
"The midpoint of a line segment connecting (x₁, y₁) and (x₂, y₂) is given by ((x₁ + x₂)/2, (y₁ + y₂)/2). This is concept #3 in the series.","Midpoint formula: ((x₁ + x₂)/2, (y₁ + y₂)/2) (Concept #3)"
The general form of the equation of a line is Ax + By + C = 0. This is concept #3 in the series.,General line form: Ax + By + C = 0 (Concept #3)
"The slope of a line passing through two points (x₁, y₁) and (x₂, y₂) is (y₂ - y₁) / (x₂ - x₁). This is concept #3 in the series.",Slope formula: (y₂ - y₁) / (x₂ - x₁) (Concept #3)
The equation of a parabola opening upwards with vertex at origin is y = ax². This is concept #3 in the series.,Parabola (upwards): y = ax² (Concept #3)
An ellipse with center at origin has equation (x²/a²) + (y²/b²) = 1. This is concept #3 in the series.,Ellipse equation: (x²/a²) + (y²/b²) = 1 (Concept #3)
A hyperbola with center at origin and transverse axis along x-axis has the equation (x²/a²) - (y²/b²) = 1. This is concept #3 in the series.,Hyperbola: (x²/a²) - (y²/b²) = 1 (Concept #3)
"Analytic geometry, also called coordinate geometry, is the study of geometry using a coordinate system. This is concept #4 in the series.",Analytic geometry uses coordinates to study geometric figures. (Concept #4)
"The distance between two points (x₁, y₁) and (x₂, y₂) is given by the formula √((x₂ - x₁)² + (y₂ - y₁)²). This is concept #4 in the series.",Distance formula: √((x₂ - x₁)² + (y₂ - y₁)²) (Concept #4)
"The equation of a straight line in slope-intercept form is y = mx + c, where m is the slope and c is the y-intercept. This is concept #4 in the series.",Line equation: y = mx + c (Concept #4)
"A circle with center at (a, b) and radius r has the equation (x - a)² + (y - b)² = r². This is concept #4 in the series.",Circle equation: (x - a)² + (y - b)² = r² (Concept #4)
"The midpoint of a line segment connecting (x₁, y₁) and (x₂, y₂) is given by ((x₁ + x₂)/2, (y₁ + y₂)/2). This is concept #4 in the series.","Midpoint formula: ((x₁ + x₂)/2, (y₁ + y₂)/2) (Concept #4)"
The general form of the equation of a line is Ax + By + C = 0. This is concept #4 in the series.,General line form: Ax + By + C = 0 (Concept #4)
"The slope of a line passing through two points (x₁, y₁) and (x₂, y₂) is (y₂ - y₁) / (x₂ - x₁). This is concept #4 in the series.",Slope formula: (y₂ - y₁) / (x₂ - x₁) (Concept #4)
The equation of a parabola opening upwards with vertex at origin is y = ax². This is concept #4 in the series.,Parabola (upwards): y = ax² (Concept #4)
An ellipse with center at origin has equation (x²/a²) + (y²/b²) = 1. This is concept #4 in the series.,Ellipse equation: (x²/a²) + (y²/b²) = 1 (Concept #4)
A hyperbola with center at origin and transverse axis along x-axis has the equation (x²/a²) - (y²/b²) = 1. This is concept #4 in the series.,Hyperbola: (x²/a²) - (y²/b²) = 1 (Concept #4)
"Analytic geometry, also called coordinate geometry, is the study of geometry using a coordinate system. This is concept #5 in the series.",Analytic geometry uses coordinates to study geometric figures. (Concept #5)
"The distance between two points (x₁, y₁) and (x₂, y₂) is given by the formula √((x₂ - x₁)² + (y₂ - y₁)²). This is concept #5 in the series.",Distance formula: √((x₂ - x₁)² + (y₂ - y₁)²) (Concept #5)
"The equation of a straight line in slope-intercept form is y = mx + c, where m is the slope and c is the y-intercept. This is concept #5 in the series.",Line equation: y = mx + c (Concept #5)
"A circle with center at (a, b) and radius r has the equation (x - a)² + (y - b)² = r². This is concept #5 in the series.",Circle equation: (x - a)² + (y - b)² = r² (Concept #5)
"The midpoint of a line segment connecting (x₁, y₁) and (x₂, y₂) is given by ((x₁ + x₂)/2, (y₁ + y₂)/2). This is concept #5 in the series.","Midpoint formula: ((x₁ + x₂)/2, (y₁ + y₂)/2) (Concept #5)"
The general form of the equation of a line is Ax + By + C = 0. This is concept #5 in the series.,General line form: Ax + By + C = 0 (Concept #5)
"The slope of a line passing through two points (x₁, y₁) and (x₂, y₂) is (y₂ - y₁) / (x₂ - x₁). This is concept #5 in the series.",Slope formula: (y₂ - y₁) / (x₂ - x₁) (Concept #5)
The equation of a parabola opening upwards with vertex at origin is y = ax². This is concept #5 in the series.,Parabola (upwards): y = ax² (Concept #5)
An ellipse with center at origin has equation (x²/a²) + (y²/b²) = 1. This is concept #5 in the series.,Ellipse equation: (x²/a²) + (y²/b²) = 1 (Concept #5)
A hyperbola with center at origin and transverse axis along x-axis has the equation (x²/a²) - (y²/b²) = 1. This is concept #5 in the series.,Hyperbola: (x²/a²) - (y²/b²) = 1 (Concept #5)
"Analytic geometry, also called coordinate geometry, is the study of geometry using a coordinate system. This is concept #6 in the series.",Analytic geometry uses coordinates to study geometric figures. (Concept #6)
"The distance between two points (x₁, y₁) and (x₂, y₂) is given by the formula √((x₂ - x₁)² + (y₂ - y₁)²). This is concept #6 in the series.",Distance formula: √((x₂ - x₁)² + (y₂ - y₁)²) (Concept #6)
"The equation of a straight line in slope-intercept form is y = mx + c, where m is the slope and c is the y-intercept. This is concept #6 in the series.",Line equation: y = mx + c (Concept #6)
"A circle with center at (a, b) and radius r has the equation (x - a)² + (y - b)² = r². This is concept #6 in the series.",Circle equation: (x - a)² + (y - b)² = r² (Concept #6)
"The midpoint of a line segment connecting (x₁, y₁) and (x₂, y₂) is given by ((x₁ + x₂)/2, (y₁ + y₂)/2). This is concept #6 in the series.","Midpoint formula: ((x₁ + x₂)/2, (y₁ + y₂)/2) (Concept #6)"
The general form of the equation of a line is Ax + By + C = 0. This is concept #6 in the series.,General line form: Ax + By + C = 0 (Concept #6)
"The slope of a line passing through two points (x₁, y₁) and (x₂, y₂) is (y₂ - y₁) / (x₂ - x₁). This is concept #6 in the series.",Slope formula: (y₂ - y₁) / (x₂ - x₁) (Concept #6)
The equation of a parabola opening upwards with vertex at origin is y = ax². This is concept #6 in the series.,Parabola (upwards): y = ax² (Concept #6)
An ellipse with center at origin has equation (x²/a²) + (y²/b²) = 1. This is concept #6 in the series.,Ellipse equation: (x²/a²) + (y²/b²) = 1 (Concept #6)
A hyperbola with center at origin and transverse axis along x-axis has the equation (x²/a²) - (y²/b²) = 1. This is concept #6 in the series.,Hyperbola: (x²/a²) - (y²/b²) = 1 (Concept #6)
"Analytic geometry, also called coordinate geometry, is the study of geometry using a coordinate system. This is concept #7 in the series.",Analytic geometry uses coordinates to study geometric figures. (Concept #7)
"The distance between two points (x₁, y₁) and (x₂, y₂) is given by the formula √((x₂ - x₁)² + (y₂ - y₁)²). This is concept #7 in the series.",Distance formula: √((x₂ - x₁)² + (y₂ - y₁)²) (Concept #7)
"The equation of a straight line in slope-intercept form is y = mx + c, where m is the slope and c is the y-intercept. This is concept #7 in the series.",Line equation: y = mx + c (Concept #7)
"A circle with center at (a, b) and radius r has the equation (x - a)² + (y - b)² = r². This is concept #7 in the series.",Circle equation: (x - a)² + (y - b)² = r² (Concept #7)
"The midpoint of a line segment connecting (x₁, y₁) and (x₂, y₂) is given by ((x₁ + x₂)/2, (y₁ + y₂)/2). This is concept #7 in the series.","Midpoint formula: ((x₁ + x₂)/2, (y₁ + y₂)/2) (Concept #7)"
The general form of the equation of a line is Ax + By + C = 0. This is concept #7 in the series.,General line form: Ax + By + C = 0 (Concept #7)
"The slope of a line passing through two points (x₁, y₁) and (x₂, y₂) is (y₂ - y₁) / (x₂ - x₁). This is concept #7 in the series.",Slope formula: (y₂ - y₁) / (x₂ - x₁) (Concept #7)
The equation of a parabola opening upwards with vertex at origin is y = ax². This is concept #7 in the series.,Parabola (upwards): y = ax² (Concept #7)
An ellipse with center at origin has equation (x²/a²) + (y²/b²) = 1. This is concept #7 in the series.,Ellipse equation: (x²/a²) + (y²/b²) = 1 (Concept #7)
A hyperbola with center at origin and transverse axis along x-axis has the equation (x²/a²) - (y²/b²) = 1. This is concept #7 in the series.,Hyperbola: (x²/a²) - (y²/b²) = 1 (Concept #7)
"Analytic geometry, also called coordinate geometry, is the study of geometry using a coordinate system. This is concept #8 in the series.",Analytic geometry uses coordinates to study geometric figures. (Concept #8)
"The distance between two points (x₁, y₁) and (x₂, y₂) is given by the formula √((x₂ - x₁)² + (y₂ - y₁)²). This is concept #8 in the series.",Distance formula: √((x₂ - x₁)² + (y₂ - y₁)²) (Concept #8)
"The equation of a straight line in slope-intercept form is y = mx + c, where m is the slope and c is the y-intercept. This is concept #8 in the series.",Line equation: y = mx + c (Concept #8)
"A circle with center at (a, b) and radius r has the equation (x - a)² + (y - b)² = r². This is concept #8 in the series.",Circle equation: (x - a)² + (y - b)² = r² (Concept #8)
"The midpoint of a line segment connecting (x₁, y₁) and (x₂, y₂) is given by ((x₁ + x₂)/2, (y₁ + y₂)/2). This is concept #8 in the series.","Midpoint formula: ((x₁ + x₂)/2, (y₁ + y₂)/2) (Concept #8)"
The general form of the equation of a line is Ax + By + C = 0. This is concept #8 in the series.,General line form: Ax + By + C = 0 (Concept #8)
"The slope of a line passing through two points (x₁, y₁) and (x₂, y₂) is (y₂ - y₁) / (x₂ - x₁). This is concept #8 in the series.",Slope formula: (y₂ - y₁) / (x₂ - x₁) (Concept #8)
The equation of a parabola opening upwards with vertex at origin is y = ax². This is concept #8 in the series.,Parabola (upwards): y = ax² (Concept #8)
An ellipse with center at origin has equation (x²/a²) + (y²/b²) = 1. This is concept #8 in the series.,Ellipse equation: (x²/a²) + (y²/b²) = 1 (Concept #8)
A hyperbola with center at origin and transverse axis along x-axis has the equation (x²/a²) - (y²/b²) = 1. This is concept #8 in the series.,Hyperbola: (x²/a²) - (y²/b²) = 1 (Concept #8)
"Analytic geometry, also called coordinate geometry, is the study of geometry using a coordinate system. This is concept #9 in the series.",Analytic geometry uses coordinates to study geometric figures. (Concept #9)
"The distance between two points (x₁, y₁) and (x₂, y₂) is given by the formula √((x₂ - x₁)² + (y₂ - y₁)²). This is concept #9 in the series.",Distance formula: √((x₂ - x₁)² + (y₂ - y₁)²) (Concept #9)
"The equation of a straight line in slope-intercept form is y = mx + c, where m is the slope and c is the y-intercept. This is concept #9 in the series.",Line equation: y = mx + c (Concept #9)
"A circle with center at (a, b) and radius r has the equation (x - a)² + (y - b)² = r². This is concept #9 in the series.",Circle equation: (x - a)² + (y - b)² = r² (Concept #9)
"The midpoint of a line segment connecting (x₁, y₁) and (x₂, y₂) is given by ((x₁ + x₂)/2, (y₁ + y₂)/2). This is concept #9 in the series.","Midpoint formula: ((x₁ + x₂)/2, (y₁ + y₂)/2) (Concept #9)"
The general form of the equation of a line is Ax + By + C = 0. This is concept #9 in the series.,General line form: Ax + By + C = 0 (Concept #9)
"The slope of a line passing through two points (x₁, y₁) and (x₂, y₂) is (y₂ - y₁) / (x₂ - x₁). This is concept #9 in the series.",Slope formula: (y₂ - y₁) / (x₂ - x₁) (Concept #9)
The equation of a parabola opening upwards with vertex at origin is y = ax². This is concept #9 in the series.,Parabola (upwards): y = ax² (Concept #9)
An ellipse with center at origin has equation (x²/a²) + (y²/b²) = 1. This is concept #9 in the series.,Ellipse equation: (x²/a²) + (y²/b²) = 1 (Concept #9)
A hyperbola with center at origin and transverse axis along x-axis has the equation (x²/a²) - (y²/b²) = 1. This is concept #9 in the series.,Hyperbola: (x²/a²) - (y²/b²) = 1 (Concept #9)
"Analytic geometry, also called coordinate geometry, is the study of geometry using a coordinate system. This is concept #10 in the series.",Analytic geometry uses coordinates to study geometric figures. (Concept #10)
"The distance between two points (x₁, y₁) and (x₂, y₂) is given by the formula √((x₂ - x₁)² + (y₂ - y₁)²). This is concept #10 in the series.",Distance formula: √((x₂ - x₁)² + (y₂ - y₁)²) (Concept #10)
"The equation of a straight line in slope-intercept form is y = mx + c, where m is the slope and c is the y-intercept. This is concept #10 in the series.",Line equation: y = mx + c (Concept #10)
"A circle with center at (a, b) and radius r has the equation (x - a)² + (y - b)² = r². This is concept #10 in the series.",Circle equation: (x - a)² + (y - b)² = r² (Concept #10)
"The midpoint of a line segment connecting (x₁, y₁) and (x₂, y₂) is given by ((x₁ + x₂)/2, (y₁ + y₂)/2). This is concept #10 in the series.","Midpoint formula: ((x₁ + x₂)/2, (y₁ + y₂)/2) (Concept #10)"
The general form of the equation of a line is Ax + By + C = 0. This is concept #10 in the series.,General line form: Ax + By + C = 0 (Concept #10)
"The slope of a line passing through two points (x₁, y₁) and (x₂, y₂) is (y₂ - y₁) / (x₂ - x₁). This is concept #10 in the series.",Slope formula: (y₂ - y₁) / (x₂ - x₁) (Concept #10)
The equation of a parabola opening upwards with vertex at origin is y = ax². This is concept #10 in the series.,Parabola (upwards): y = ax² (Concept #10)
An ellipse with center at origin has equation (x²/a²) + (y²/b²) = 1. This is concept #10 in the series.,Ellipse equation: (x²/a²) + (y²/b²) = 1 (Concept #10)
A hyperbola with center at origin and transverse axis along x-axis has the equation (x²/a²) - (y²/b²) = 1. This is concept #10 in the series.,Hyperbola: (x²/a²) - (y²/b²) = 1 (Concept #10)
"Analytic geometry, also called coordinate geometry, is the study of geometry using a coordinate system. This is concept #11 in the series.",Analytic geometry uses coordinates to study geometric figures. (Concept #11)
"The distance between two points (x₁, y₁) and (x₂, y₂) is given by the formula √((x₂ - x₁)² + (y₂ - y₁)²). This is concept #11 in the series.",Distance formula: √((x₂ - x₁)² + (y₂ - y₁)²) (Concept #11)
"The equation of a straight line in slope-intercept form is y = mx + c, where m is the slope and c is the y-intercept. This is concept #11 in the series.",Line equation: y = mx + c (Concept #11)
"A circle with center at (a, b) and radius r has the equation (x - a)² + (y - b)² = r². This is concept #11 in the series.",Circle equation: (x - a)² + (y - b)² = r² (Concept #11)
"The midpoint of a line segment connecting (x₁, y₁) and (x₂, y₂) is given by ((x₁ + x₂)/2, (y₁ + y₂)/2). This is concept #11 in the series.","Midpoint formula: ((x₁ + x₂)/2, (y₁ + y₂)/2) (Concept #11)"
The general form of the equation of a line is Ax + By + C = 0. This is concept #11 in the series.,General line form: Ax + By + C = 0 (Concept #11)
"The slope of a line passing through two points (x₁, y₁) and (x₂, y₂) is (y₂ - y₁) / (x₂ - x₁). This is concept #11 in the series.",Slope formula: (y₂ - y₁) / (x₂ - x₁) (Concept #11)
The equation of a parabola opening upwards with vertex at origin is y = ax². This is concept #11 in the series.,Parabola (upwards): y = ax² (Concept #11)
An ellipse with center at origin has equation (x²/a²) + (y²/b²) = 1. This is concept #11 in the series.,Ellipse equation: (x²/a²) + (y²/b²) = 1 (Concept #11)
A hyperbola with center at origin and transverse axis along x-axis has the equation (x²/a²) - (y²/b²) = 1. This is concept #11 in the series.,Hyperbola: (x²/a²) - (y²/b²) = 1 (Concept #11)
"Analytic geometry, also called coordinate geometry, is the study of geometry using a coordinate system. This is concept #12 in the series.",Analytic geometry uses coordinates to study geometric figures. (Concept #12)
"The distance between two points (x₁, y₁) and (x₂, y₂) is given by the formula √((x₂ - x₁)² + (y₂ - y₁)²). This is concept #12 in the series.",Distance formula: √((x₂ - x₁)² + (y₂ - y₁)²) (Concept #12)
"The equation of a straight line in slope-intercept form is y = mx + c, where m is the slope and c is the y-intercept. This is concept #12 in the series.",Line equation: y = mx + c (Concept #12)
"A circle with center at (a, b) and radius r has the equation (x - a)² + (y - b)² = r². This is concept #12 in the series.",Circle equation: (x - a)² + (y - b)² = r² (Concept #12)
"The midpoint of a line segment connecting (x₁, y₁) and (x₂, y₂) is given by ((x₁ + x₂)/2, (y₁ + y₂)/2). This is concept #12 in the series.","Midpoint formula: ((x₁ + x₂)/2, (y₁ + y₂)/2) (Concept #12)"
The general form of the equation of a line is Ax + By + C = 0. This is concept #12 in the series.,General line form: Ax + By + C = 0 (Concept #12)
"The slope of a line passing through two points (x₁, y₁) and (x₂, y₂) is (y₂ - y₁) / (x₂ - x₁). This is concept #12 in the series.",Slope formula: (y₂ - y₁) / (x₂ - x₁) (Concept #12)
The equation of a parabola opening upwards with vertex at origin is y = ax². This is concept #12 in the series.,Parabola (upwards): y = ax² (Concept #12)
An ellipse with center at origin has equation (x²/a²) + (y²/b²) = 1. This is concept #12 in the series.,Ellipse equation: (x²/a²) + (y²/b²) = 1 (Concept #12)
A hyperbola with center at origin and transverse axis along x-axis has the equation (x²/a²) - (y²/b²) = 1. This is concept #12 in the series.,Hyperbola: (x²/a²) - (y²/b²) = 1 (Concept #12)
"Analytic geometry, also called coordinate geometry, is the study of geometry using a coordinate system. This is concept #13 in the series.",Analytic geometry uses coordinates to study geometric figures. (Concept #13)
"The distance between two points (x₁, y₁) and (x₂, y₂) is given by the formula √((x₂ - x₁)² + (y₂ - y₁)²). This is concept #13 in the series.",Distance formula: √((x₂ - x₁)² + (y₂ - y₁)²) (Concept #13)
"The equation of a straight line in slope-intercept form is y = mx + c, where m is the slope and c is the y-intercept. This is concept #13 in the series.",Line equation: y = mx + c (Concept #13)
"A circle with center at (a, b) and radius r has the equation (x - a)² + (y - b)² = r². This is concept #13 in the series.",Circle equation: (x - a)² + (y - b)² = r² (Concept #13)
"The midpoint of a line segment connecting (x₁, y₁) and (x₂, y₂) is given by ((x₁ + x₂)/2, (y₁ + y₂)/2). This is concept #13 in the series.","Midpoint formula: ((x₁ + x₂)/2, (y₁ + y₂)/2) (Concept #13)"
The general form of the equation of a line is Ax + By + C = 0. This is concept #13 in the series.,General line form: Ax + By + C = 0 (Concept #13)
"The slope of a line passing through two points (x₁, y₁) and (x₂, y₂) is (y₂ - y₁) / (x₂ - x₁). This is concept #13 in the series.",Slope formula: (y₂ - y₁) / (x₂ - x₁) (Concept #13)
The equation of a parabola opening upwards with vertex at origin is y = ax². This is concept #13 in the series.,Parabola (upwards): y = ax² (Concept #13)
An ellipse with center at origin has equation (x²/a²) + (y²/b²) = 1. This is concept #13 in the series.,Ellipse equation: (x²/a²) + (y²/b²) = 1 (Concept #13)
A hyperbola with center at origin and transverse axis along x-axis has the equation (x²/a²) - (y²/b²) = 1. This is concept #13 in the series.,Hyperbola: (x²/a²) - (y²/b²) = 1 (Concept #13)
"Analytic geometry, also called coordinate geometry, is the study of geometry using a coordinate system. This is concept #14 in the series.",Analytic geometry uses coordinates to study geometric figures. (Concept #14)
"The distance between two points (x₁, y₁) and (x₂, y₂) is given by the formula √((x₂ - x₁)² + (y₂ - y₁)²). This is concept #14 in the series.",Distance formula: √((x₂ - x₁)² + (y₂ - y₁)²) (Concept #14)
"The equation of a straight line in slope-intercept form is y = mx + c, where m is the slope and c is the y-intercept. This is concept #14 in the series.",Line equation: y = mx + c (Concept #14)
"A circle with center at (a, b) and radius r has the equation (x - a)² + (y - b)² = r². This is concept #14 in the series.",Circle equation: (x - a)² + (y - b)² = r² (Concept #14)
"The midpoint of a line segment connecting (x₁, y₁) and (x₂, y₂) is given by ((x₁ + x₂)/2, (y₁ + y₂)/2). This is concept #14 in the series.","Midpoint formula: ((x₁ + x₂)/2, (y₁ + y₂)/2) (Concept #14)"
The general form of the equation of a line is Ax + By + C = 0. This is concept #14 in the series.,General line form: Ax + By + C = 0 (Concept #14)
"The slope of a line passing through two points (x₁, y₁) and (x₂, y₂) is (y₂ - y₁) / (x₂ - x₁). This is concept #14 in the series.",Slope formula: (y₂ - y₁) / (x₂ - x₁) (Concept #14)
The equation of a parabola opening upwards with vertex at origin is y = ax². This is concept #14 in the series.,Parabola (upwards): y = ax² (Concept #14)
An ellipse with center at origin has equation (x²/a²) + (y²/b²) = 1. This is concept #14 in the series.,Ellipse equation: (x²/a²) + (y²/b²) = 1 (Concept #14)
A hyperbola with center at origin and transverse axis along x-axis has the equation (x²/a²) - (y²/b²) = 1. This is concept #14 in the series.,Hyperbola: (x²/a²) - (y²/b²) = 1 (Concept #14)
"Analytic geometry, also called coordinate geometry, is the study of geometry using a coordinate system. This is concept #15 in the series.",Analytic geometry uses coordinates to study geometric figures. (Concept #15)
"The distance between two points (x₁, y₁) and (x₂, y₂) is given by the formula √((x₂ - x₁)² + (y₂ - y₁)²). This is concept #15 in the series.",Distance formula: √((x₂ - x₁)² + (y₂ - y₁)²) (Concept #15)
"The equation of a straight line in slope-intercept form is y = mx + c, where m is the slope and c is the y-intercept. This is concept #15 in the series.",Line equation: y = mx + c (Concept #15)
"A circle with center at (a, b) and radius r has the equation (x - a)² + (y - b)² = r². This is concept #15 in the series.",Circle equation: (x - a)² + (y - b)² = r² (Concept #15)
"The midpoint of a line segment connecting (x₁, y₁) and (x₂, y₂) is given by ((x₁ + x₂)/2, (y₁ + y₂)/2). This is concept #15 in the series.","Midpoint formula: ((x₁ + x₂)/2, (y₁ + y₂)/2) (Concept #15)"
The general form of the equation of a line is Ax + By + C = 0. This is concept #15 in the series.,General line form: Ax + By + C = 0 (Concept #15)
"The slope of a line passing through two points (x₁, y₁) and (x₂, y₂) is (y₂ - y₁) / (x₂ - x₁). This is concept #15 in the series.",Slope formula: (y₂ - y₁) / (x₂ - x₁) (Concept #15)
The equation of a parabola opening upwards with vertex at origin is y = ax². This is concept #15 in the series.,Parabola (upwards): y = ax² (Concept #15)
An ellipse with center at origin has equation (x²/a²) + (y²/b²) = 1. This is concept #15 in the series.,Ellipse equation: (x²/a²) + (y²/b²) = 1 (Concept #15)
A hyperbola with center at origin and transverse axis along x-axis has the equation (x²/a²) - (y²/b²) = 1. This is concept #15 in the series.,Hyperbola: (x²/a²) - (y²/b²) = 1 (Concept #15)
"Analytic geometry, also called coordinate geometry, is the study of geometry using a coordinate system. This is concept #16 in the series.",Analytic geometry uses coordinates to study geometric figures. (Concept #16)
"The distance between two points (x₁, y₁) and (x₂, y₂) is given by the formula √((x₂ - x₁)² + (y₂ - y₁)²). This is concept #16 in the series.",Distance formula: √((x₂ - x₁)² + (y₂ - y₁)²) (Concept #16)
"The equation of a straight line in slope-intercept form is y = mx + c, where m is the slope and c is the y-intercept. This is concept #16 in the series.",Line equation: y = mx + c (Concept #16)
"A circle with center at (a, b) and radius r has the equation (x - a)² + (y - b)² = r². This is concept #16 in the series.",Circle equation: (x - a)² + (y - b)² = r² (Concept #16)
"The midpoint of a line segment connecting (x₁, y₁) and (x₂, y₂) is given by ((x₁ + x₂)/2, (y₁ + y₂)/2). This is concept #16 in the series.","Midpoint formula: ((x₁ + x₂)/2, (y₁ + y₂)/2) (Concept #16)"
The general form of the equation of a line is Ax + By + C = 0. This is concept #16 in the series.,General line form: Ax + By + C = 0 (Concept #16)
"The slope of a line passing through two points (x₁, y₁) and (x₂, y₂) is (y₂ - y₁) / (x₂ - x₁). This is concept #16 in the series.",Slope formula: (y₂ - y₁) / (x₂ - x₁) (Concept #16)
The equation of a parabola opening upwards with vertex at origin is y = ax². This is concept #16 in the series.,Parabola (upwards): y = ax² (Concept #16)
An ellipse with center at origin has equation (x²/a²) + (y²/b²) = 1. This is concept #16 in the series.,Ellipse equation: (x²/a²) + (y²/b²) = 1 (Concept #16)
A hyperbola with center at origin and transverse axis along x-axis has the equation (x²/a²) - (y²/b²) = 1. This is concept #16 in the series.,Hyperbola: (x²/a²) - (y²/b²) = 1 (Concept #16)
"Analytic geometry, also called coordinate geometry, is the study of geometry using a coordinate system. This is concept #17 in the series.",Analytic geometry uses coordinates to study geometric figures. (Concept #17)
"The distance between two points (x₁, y₁) and (x₂, y₂) is given by the formula √((x₂ - x₁)² + (y₂ - y₁)²). This is concept #17 in the series.",Distance formula: √((x₂ - x₁)² + (y₂ - y₁)²) (Concept #17)
"The equation of a straight line in slope-intercept form is y = mx + c, where m is the slope and c is the y-intercept. This is concept #17 in the series.",Line equation: y = mx + c (Concept #17)
"A circle with center at (a, b) and radius r has the equation (x - a)² + (y - b)² = r². This is concept #17 in the series.",Circle equation: (x - a)² + (y - b)² = r² (Concept #17)
"The midpoint of a line segment connecting (x₁, y₁) and (x₂, y₂) is given by ((x₁ + x₂)/2, (y₁ + y₂)/2). This is concept #17 in the series.","Midpoint formula: ((x₁ + x₂)/2, (y₁ + y₂)/2) (Concept #17)"
The general form of the equation of a line is Ax + By + C = 0. This is concept #17 in the series.,General line form: Ax + By + C = 0 (Concept #17)
"The slope of a line passing through two points (x₁, y₁) and (x₂, y₂) is (y₂ - y₁) / (x₂ - x₁). This is concept #17 in the series.",Slope formula: (y₂ - y₁) / (x₂ - x₁) (Concept #17)
The equation of a parabola opening upwards with vertex at origin is y = ax². This is concept #17 in the series.,Parabola (upwards): y = ax² (Concept #17)
An ellipse with center at origin has equation (x²/a²) + (y²/b²) = 1. This is concept #17 in the series.,Ellipse equation: (x²/a²) + (y²/b²) = 1 (Concept #17)
A hyperbola with center at origin and transverse axis along x-axis has the equation (x²/a²) - (y²/b²) = 1. This is concept #17 in the series.,Hyperbola: (x²/a²) - (y²/b²) = 1 (Concept #17)
"Analytic geometry, also called coordinate geometry, is the study of geometry using a coordinate system. This is concept #18 in the series.",Analytic geometry uses coordinates to study geometric figures. (Concept #18)
"The distance between two points (x₁, y₁) and (x₂, y₂) is given by the formula √((x₂ - x₁)² + (y₂ - y₁)²). This is concept #18 in the series.",Distance formula: √((x₂ - x₁)² + (y₂ - y₁)²) (Concept #18)
"The equation of a straight line in slope-intercept form is y = mx + c, where m is the slope and c is the y-intercept. This is concept #18 in the series.",Line equation: y = mx + c (Concept #18)
"A circle with center at (a, b) and radius r has the equation (x - a)² + (y - b)² = r². This is concept #18 in the series.",Circle equation: (x - a)² + (y - b)² = r² (Concept #18)
"The midpoint of a line segment connecting (x₁, y₁) and (x₂, y₂) is given by ((x₁ + x₂)/2, (y₁ + y₂)/2). This is concept #18 in the series.","Midpoint formula: ((x₁ + x₂)/2, (y₁ + y₂)/2) (Concept #18)"
The general form of the equation of a line is Ax + By + C = 0. This is concept #18 in the series.,General line form: Ax + By + C = 0 (Concept #18)
"The slope of a line passing through two points (x₁, y₁) and (x₂, y₂) is (y₂ - y₁) / (x₂ - x₁). This is concept #18 in the series.",Slope formula: (y₂ - y₁) / (x₂ - x₁) (Concept #18)
The equation of a parabola opening upwards with vertex at origin is y = ax². This is concept #18 in the series.,Parabola (upwards): y = ax² (Concept #18)
An ellipse with center at origin has equation (x²/a²) + (y²/b²) = 1. This is concept #18 in the series.,Ellipse equation: (x²/a²) + (y²/b²) = 1 (Concept #18)
A hyperbola with center at origin and transverse axis along x-axis has the equation (x²/a²) - (y²/b²) = 1. This is concept #18 in the series.,Hyperbola: (x²/a²) - (y²/b²) = 1 (Concept #18)
"Analytic geometry, also called coordinate geometry, is the study of geometry using a coordinate system. This is concept #19 in the series.",Analytic geometry uses coordinates to study geometric figures. (Concept #19)
"The distance between two points (x₁, y₁) and (x₂, y₂) is given by the formula √((x₂ - x₁)² + (y₂ - y₁)²). This is concept #19 in the series.",Distance formula: √((x₂ - x₁)² + (y₂ - y₁)²) (Concept #19)
"The equation of a straight line in slope-intercept form is y = mx + c, where m is the slope and c is the y-intercept. This is concept #19 in the series.",Line equation: y = mx + c (Concept #19)
"A circle with center at (a, b) and radius r has the equation (x - a)² + (y - b)² = r². This is concept #19 in the series.",Circle equation: (x - a)² + (y - b)² = r² (Concept #19)
"The midpoint of a line segment connecting (x₁, y₁) and (x₂, y₂) is given by ((x₁ + x₂)/2, (y₁ + y₂)/2). This is concept #19 in the series.","Midpoint formula: ((x₁ + x₂)/2, (y₁ + y₂)/2) (Concept #19)"
The general form of the equation of a line is Ax + By + C = 0. This is concept #19 in the series.,General line form: Ax + By + C = 0 (Concept #19)
"The slope of a line passing through two points (x₁, y₁) and (x₂, y₂) is (y₂ - y₁) / (x₂ - x₁). This is concept #19 in the series.",Slope formula: (y₂ - y₁) / (x₂ - x₁) (Concept #19)
The equation of a parabola opening upwards with vertex at origin is y = ax². This is concept #19 in the series.,Parabola (upwards): y = ax² (Concept #19)
An ellipse with center at origin has equation (x²/a²) + (y²/b²) = 1. This is concept #19 in the series.,Ellipse equation: (x²/a²) + (y²/b²) = 1 (Concept #19)
A hyperbola with center at origin and transverse axis along x-axis has the equation (x²/a²) - (y²/b²) = 1. This is concept #19 in the series.,Hyperbola: (x²/a²) - (y²/b²) = 1 (Concept #19)
"Analytic geometry, also called coordinate geometry, is the study of geometry using a coordinate system. This is concept #20 in the series.",Analytic geometry uses coordinates to study geometric figures. (Concept #20)
"The distance between two points (x₁, y₁) and (x₂, y₂) is given by the formula √((x₂ - x₁)² + (y₂ - y₁)²). This is concept #20 in the series.",Distance formula: √((x₂ - x₁)² + (y₂ - y₁)²) (Concept #20)
"The equation of a straight line in slope-intercept form is y = mx + c, where m is the slope and c is the y-intercept. This is concept #20 in the series.",Line equation: y = mx + c (Concept #20)
"A circle with center at (a, b) and radius r has the equation (x - a)² + (y - b)² = r². This is concept #20 in the series.",Circle equation: (x - a)² + (y - b)² = r² (Concept #20)
"The midpoint of a line segment connecting (x₁, y₁) and (x₂, y₂) is given by ((x₁ + x₂)/2, (y₁ + y₂)/2). This is concept #20 in the series.","Midpoint formula: ((x₁ + x₂)/2, (y₁ + y₂)/2) (Concept #20)"
The general form of the equation of a line is Ax + By + C = 0. This is concept #20 in the series.,General line form: Ax + By + C = 0 (Concept #20)
"The slope of a line passing through two points (x₁, y₁) and (x₂, y₂) is (y₂ - y₁) / (x₂ - x₁). This is concept #20 in the series.",Slope formula: (y₂ - y₁) / (x₂ - x₁) (Concept #20)
The equation of a parabola opening upwards with vertex at origin is y = ax². This is concept #20 in the series.,Parabola (upwards): y = ax² (Concept #20)
An ellipse with center at origin has equation (x²/a²) + (y²/b²) = 1. This is concept #20 in the series.,Ellipse equation: (x²/a²) + (y²/b²) = 1 (Concept #20)
A hyperbola with center at origin and transverse axis along x-axis has the equation (x²/a²) - (y²/b²) = 1. This is concept #20 in the series.,Hyperbola: (x²/a²) - (y²/b²) = 1 (Concept #20)
"Analytic geometry, also called coordinate geometry, is the study of geometry using a coordinate system. This is concept #21 in the series.",Analytic geometry uses coordinates to study geometric figures. (Concept #21)
"The distance between two points (x₁, y₁) and (x₂, y₂) is given by the formula √((x₂ - x₁)² + (y₂ - y₁)²). This is concept #21 in the series.",Distance formula: √((x₂ - x₁)² + (y₂ - y₁)²) (Concept #21)
"The equation of a straight line in slope-intercept form is y = mx + c, where m is the slope and c is the y-intercept. This is concept #21 in the series.",Line equation: y = mx + c (Concept #21)
"A circle with center at (a, b) and radius r has the equation (x - a)² + (y - b)² = r². This is concept #21 in the series.",Circle equation: (x - a)² + (y - b)² = r² (Concept #21)
"The midpoint of a line segment connecting (x₁, y₁) and (x₂, y₂) is given by ((x₁ + x₂)/2, (y₁ + y₂)/2). This is concept #21 in the series.","Midpoint formula: ((x₁ + x₂)/2, (y₁ + y₂)/2) (Concept #21)"
The general form of the equation of a line is Ax + By + C = 0. This is concept #21 in the series.,General line form: Ax + By + C = 0 (Concept #21)
"The slope of a line passing through two points (x₁, y₁) and (x₂, y₂) is (y₂ - y₁) / (x₂ - x₁). This is concept #21 in the series.",Slope formula: (y₂ - y₁) / (x₂ - x₁) (Concept #21)
The equation of a parabola opening upwards with vertex at origin is y = ax². This is concept #21 in the series.,Parabola (upwards): y = ax² (Concept #21)
An ellipse with center at origin has equation (x²/a²) + (y²/b²) = 1. This is concept #21 in the series.,Ellipse equation: (x²/a²) + (y²/b²) = 1 (Concept #21)
A hyperbola with center at origin and transverse axis along x-axis has the equation (x²/a²) - (y²/b²) = 1. This is concept #21 in the series.,Hyperbola: (x²/a²) - (y²/b²) = 1 (Concept #21)
"Analytic geometry, also called coordinate geometry, is the study of geometry using a coordinate system. This is concept #22 in the series.",Analytic geometry uses coordinates to study geometric figures. (Concept #22)
"The distance between two points (x₁, y₁) and (x₂, y₂) is given by the formula √((x₂ - x₁)² + (y₂ - y₁)²). This is concept #22 in the series.",Distance formula: √((x₂ - x₁)² + (y₂ - y₁)²) (Concept #22)
"The equation of a straight line in slope-intercept form is y = mx + c, where m is the slope and c is the y-intercept. This is concept #22 in the series.",Line equation: y = mx + c (Concept #22)
"A circle with center at (a, b) and radius r has the equation (x - a)² + (y - b)² = r². This is concept #22 in the series.",Circle equation: (x - a)² + (y - b)² = r² (Concept #22)
"The midpoint of a line segment connecting (x₁, y₁) and (x₂, y₂) is given by ((x₁ + x₂)/2, (y₁ + y₂)/2). This is concept #22 in the series.","Midpoint formula: ((x₁ + x₂)/2, (y₁ + y₂)/2) (Concept #22)"
The general form of the equation of a line is Ax + By + C = 0. This is concept #22 in the series.,General line form: Ax + By + C = 0 (Concept #22)
"The slope of a line passing through two points (x₁, y₁) and (x₂, y₂) is (y₂ - y₁) / (x₂ - x₁). This is concept #22 in the series.",Slope formula: (y₂ - y₁) / (x₂ - x₁) (Concept #22)
The equation of a parabola opening upwards with vertex at origin is y = ax². This is concept #22 in the series.,Parabola (upwards): y = ax² (Concept #22)
An ellipse with center at origin has equation (x²/a²) + (y²/b²) = 1. This is concept #22 in the series.,Ellipse equation: (x²/a²) + (y²/b²) = 1 (Concept #22)
A hyperbola with center at origin and transverse axis along x-axis has the equation (x²/a²) - (y²/b²) = 1. This is concept #22 in the series.,Hyperbola: (x²/a²) - (y²/b²) = 1 (Concept #22)
"Analytic geometry, also called coordinate geometry, is the study of geometry using a coordinate system. This is concept #23 in the series.",Analytic geometry uses coordinates to study geometric figures. (Concept #23)
"The distance between two points (x₁, y₁) and (x₂, y₂) is given by the formula √((x₂ - x₁)² + (y₂ - y₁)²). This is concept #23 in the series.",Distance formula: √((x₂ - x₁)² + (y₂ - y₁)²) (Concept #23)
"The equation of a straight line in slope-intercept form is y = mx + c, where m is the slope and c is the y-intercept. This is concept #23 in the series.",Line equation: y = mx + c (Concept #23)
"A circle with center at (a, b) and radius r has the equation (x - a)² + (y - b)² = r². This is concept #23 in the series.",Circle equation: (x - a)² + (y - b)² = r² (Concept #23)
"The midpoint of a line segment connecting (x₁, y₁) and (x₂, y₂) is given by ((x₁ + x₂)/2, (y₁ + y₂)/2). This is concept #23 in the series.","Midpoint formula: ((x₁ + x₂)/2, (y₁ + y₂)/2) (Concept #23)"
The general form of the equation of a line is Ax + By + C = 0. This is concept #23 in the series.,General line form: Ax + By + C = 0 (Concept #23)
"The slope of a line passing through two points (x₁, y₁) and (x₂, y₂) is (y₂ - y₁) / (x₂ - x₁). This is concept #23 in the series.",Slope formula: (y₂ - y₁) / (x₂ - x₁) (Concept #23)
The equation of a parabola opening upwards with vertex at origin is y = ax². This is concept #23 in the series.,Parabola (upwards): y = ax² (Concept #23)
An ellipse with center at origin has equation (x²/a²) + (y²/b²) = 1. This is concept #23 in the series.,Ellipse equation: (x²/a²) + (y²/b²) = 1 (Concept #23)
A hyperbola with center at origin and transverse axis along x-axis has the equation (x²/a²) - (y²/b²) = 1. This is concept #23 in the series.,Hyperbola: (x²/a²) - (y²/b²) = 1 (Concept #23)
"Analytic geometry, also called coordinate geometry, is the study of geometry using a coordinate system. This is concept #24 in the series.",Analytic geometry uses coordinates to study geometric figures. (Concept #24)
"The distance between two points (x₁, y₁) and (x₂, y₂) is given by the formula √((x₂ - x₁)² + (y₂ - y₁)²). This is concept #24 in the series.",Distance formula: √((x₂ - x₁)² + (y₂ - y₁)²) (Concept #24)
"The equation of a straight line in slope-intercept form is y = mx + c, where m is the slope and c is the y-intercept. This is concept #24 in the series.",Line equation: y = mx + c (Concept #24)
"A circle with center at (a, b) and radius r has the equation (x - a)² + (y - b)² = r². This is concept #24 in the series.",Circle equation: (x - a)² + (y - b)² = r² (Concept #24)
"The midpoint of a line segment connecting (x₁, y₁) and (x₂, y₂) is given by ((x₁ + x₂)/2, (y₁ + y₂)/2). This is concept #24 in the series.","Midpoint formula: ((x₁ + x₂)/2, (y₁ + y₂)/2) (Concept #24)"
The general form of the equation of a line is Ax + By + C = 0. This is concept #24 in the series.,General line form: Ax + By + C = 0 (Concept #24)
"The slope of a line passing through two points (x₁, y₁) and (x₂, y₂) is (y₂ - y₁) / (x₂ - x₁). This is concept #24 in the series.",Slope formula: (y₂ - y₁) / (x₂ - x₁) (Concept #24)
The equation of a parabola opening upwards with vertex at origin is y = ax². This is concept #24 in the series.,Parabola (upwards): y = ax² (Concept #24)
An ellipse with center at origin has equation (x²/a²) + (y²/b²) = 1. This is concept #24 in the series.,Ellipse equation: (x²/a²) + (y²/b²) = 1 (Concept #24)
A hyperbola with center at origin and transverse axis along x-axis has the equation (x²/a²) - (y²/b²) = 1. This is concept #24 in the series.,Hyperbola: (x²/a²) - (y²/b²) = 1 (Concept #24)
"Analytic geometry, also called coordinate geometry, is the study of geometry using a coordinate system. This is concept #25 in the series.",Analytic geometry uses coordinates to study geometric figures. (Concept #25)
"The distance between two points (x₁, y₁) and (x₂, y₂) is given by the formula √((x₂ - x₁)² + (y₂ - y₁)²). This is concept #25 in the series.",Distance formula: √((x₂ - x₁)² + (y₂ - y₁)²) (Concept #25)
"The equation of a straight line in slope-intercept form is y = mx + c, where m is the slope and c is the y-intercept. This is concept #25 in the series.",Line equation: y = mx + c (Concept #25)
"A circle with center at (a, b) and radius r has the equation (x - a)² + (y - b)² = r². This is concept #25 in the series.",Circle equation: (x - a)² + (y - b)² = r² (Concept #25)
"The midpoint of a line segment connecting (x₁, y₁) and (x₂, y₂) is given by ((x₁ + x₂)/2, (y₁ + y₂)/2). This is concept #25 in the series.","Midpoint formula: ((x₁ + x₂)/2, (y₁ + y₂)/2) (Concept #25)"
The general form of the equation of a line is Ax + By + C = 0. This is concept #25 in the series.,General line form: Ax + By + C = 0 (Concept #25)
"The slope of a line passing through two points (x₁, y₁) and (x₂, y₂) is (y₂ - y₁) / (x₂ - x₁). This is concept #25 in the series.",Slope formula: (y₂ - y₁) / (x₂ - x₁) (Concept #25)
The equation of a parabola opening upwards with vertex at origin is y = ax². This is concept #25 in the series.,Parabola (upwards): y = ax² (Concept #25)
An ellipse with center at origin has equation (x²/a²) + (y²/b²) = 1. This is concept #25 in the series.,Ellipse equation: (x²/a²) + (y²/b²) = 1 (Concept #25)
A hyperbola with center at origin and transverse axis along x-axis has the equation (x²/a²) - (y²/b²) = 1. This is concept #25 in the series.,Hyperbola: (x²/a²) - (y²/b²) = 1 (Concept #25)
"Analytic geometry, also called coordinate geometry, is the study of geometry using a coordinate system. This is concept #26 in the series.",Analytic geometry uses coordinates to study geometric figures. (Concept #26)
"The distance between two points (x₁, y₁) and (x₂, y₂) is given by the formula √((x₂ - x₁)² + (y₂ - y₁)²). This is concept #26 in the series.",Distance formula: √((x₂ - x₁)² + (y₂ - y₁)²) (Concept #26)
"The equation of a straight line in slope-intercept form is y = mx + c, where m is the slope and c is the y-intercept. This is concept #26 in the series.",Line equation: y = mx + c (Concept #26)
"A circle with center at (a, b) and radius r has the equation (x - a)² + (y - b)² = r². This is concept #26 in the series.",Circle equation: (x - a)² + (y - b)² = r² (Concept #26)
"The midpoint of a line segment connecting (x₁, y₁) and (x₂, y₂) is given by ((x₁ + x₂)/2, (y₁ + y₂)/2). This is concept #26 in the series.","Midpoint formula: ((x₁ + x₂)/2, (y₁ + y₂)/2) (Concept #26)"
The general form of the equation of a line is Ax + By + C = 0. This is concept #26 in the series.,General line form: Ax + By + C = 0 (Concept #26)
"The slope of a line passing through two points (x₁, y₁) and (x₂, y₂) is (y₂ - y₁) / (x₂ - x₁). This is concept #26 in the series.",Slope formula: (y₂ - y₁) / (x₂ - x₁) (Concept #26)
The equation of a parabola opening upwards with vertex at origin is y = ax². This is concept #26 in the series.,Parabola (upwards): y = ax² (Concept #26)
An ellipse with center at origin has equation (x²/a²) + (y²/b²) = 1. This is concept #26 in the series.,Ellipse equation: (x²/a²) + (y²/b²) = 1 (Concept #26)
A hyperbola with center at origin and transverse axis along x-axis has the equation (x²/a²) - (y²/b²) = 1. This is concept #26 in the series.,Hyperbola: (x²/a²) - (y²/b²) = 1 (Concept #26)
"Analytic geometry, also called coordinate geometry, is the study of geometry using a coordinate system. This is concept #27 in the series.",Analytic geometry uses coordinates to study geometric figures. (Concept #27)
"The distance between two points (x₁, y₁) and (x₂, y₂) is given by the formula √((x₂ - x₁)² + (y₂ - y₁)²). This is concept #27 in the series.",Distance formula: √((x₂ - x₁)² + (y₂ - y₁)²) (Concept #27)
"The equation of a straight line in slope-intercept form is y = mx + c, where m is the slope and c is the y-intercept. This is concept #27 in the series.",Line equation: y = mx + c (Concept #27)
"A circle with center at (a, b) and radius r has the equation (x - a)² + (y - b)² = r². This is concept #27 in the series.",Circle equation: (x - a)² + (y - b)² = r² (Concept #27)
"The midpoint of a line segment connecting (x₁, y₁) and (x₂, y₂) is given by ((x₁ + x₂)/2, (y₁ + y₂)/2). This is concept #27 in the series.","Midpoint formula: ((x₁ + x₂)/2, (y₁ + y₂)/2) (Concept #27)"
The general form of the equation of a line is Ax + By + C = 0. This is concept #27 in the series.,General line form: Ax + By + C = 0 (Concept #27)
"The slope of a line passing through two points (x₁, y₁) and (x₂, y₂) is (y₂ - y₁) / (x₂ - x₁). This is concept #27 in the series.",Slope formula: (y₂ - y₁) / (x₂ - x₁) (Concept #27)
The equation of a parabola opening upwards with vertex at origin is y = ax². This is concept #27 in the series.,Parabola (upwards): y = ax² (Concept #27)
An ellipse with center at origin has equation (x²/a²) + (y²/b²) = 1. This is concept #27 in the series.,Ellipse equation: (x²/a²) + (y²/b²) = 1 (Concept #27)
A hyperbola with center at origin and transverse axis along x-axis has the equation (x²/a²) - (y²/b²) = 1. This is concept #27 in the series.,Hyperbola: (x²/a²) - (y²/b²) = 1 (Concept #27)
"Analytic geometry, also called coordinate geometry, is the study of geometry using a coordinate system. This is concept #28 in the series.",Analytic geometry uses coordinates to study geometric figures. (Concept #28)
"The distance between two points (x₁, y₁) and (x₂, y₂) is given by the formula √((x₂ - x₁)² + (y₂ - y₁)²). This is concept #28 in the series.",Distance formula: √((x₂ - x₁)² + (y₂ - y₁)²) (Concept #28)
"The equation of a straight line in slope-intercept form is y = mx + c, where m is the slope and c is the y-intercept. This is concept #28 in the series.",Line equation: y = mx + c (Concept #28)
"A circle with center at (a, b) and radius r has the equation (x - a)² + (y - b)² = r². This is concept #28 in the series.",Circle equation: (x - a)² + (y - b)² = r² (Concept #28)
"The midpoint of a line segment connecting (x₁, y₁) and (x₂, y₂) is given by ((x₁ + x₂)/2, (y₁ + y₂)/2). This is concept #28 in the series.","Midpoint formula: ((x₁ + x₂)/2, (y₁ + y₂)/2) (Concept #28)"
The general form of the equation of a line is Ax + By + C = 0. This is concept #28 in the series.,General line form: Ax + By + C = 0 (Concept #28)
"The slope of a line passing through two points (x₁, y₁) and (x₂, y₂) is (y₂ - y₁) / (x₂ - x₁). This is concept #28 in the series.",Slope formula: (y₂ - y₁) / (x₂ - x₁) (Concept #28)
The equation of a parabola opening upwards with vertex at origin is y = ax². This is concept #28 in the series.,Parabola (upwards): y = ax² (Concept #28)
An ellipse with center at origin has equation (x²/a²) + (y²/b²) = 1. This is concept #28 in the series.,Ellipse equation: (x²/a²) + (y²/b²) = 1 (Concept #28)
A hyperbola with center at origin and transverse axis along x-axis has the equation (x²/a²) - (y²/b²) = 1. This is concept #28 in the series.,Hyperbola: (x²/a²) - (y²/b²) = 1 (Concept #28)
"Analytic geometry, also called coordinate geometry, is the study of geometry using a coordinate system. This is concept #29 in the series.",Analytic geometry uses coordinates to study geometric figures. (Concept #29)
"The distance between two points (x₁, y₁) and (x₂, y₂) is given by the formula √((x₂ - x₁)² + (y₂ - y₁)²). This is concept #29 in the series.",Distance formula: √((x₂ - x₁)² + (y₂ - y₁)²) (Concept #29)
"The equation of a straight line in slope-intercept form is y = mx + c, where m is the slope and c is the y-intercept. This is concept #29 in the series.",Line equation: y = mx + c (Concept #29)
"A circle with center at (a, b) and radius r has the equation (x - a)² + (y - b)² = r². This is concept #29 in the series.",Circle equation: (x - a)² + (y - b)² = r² (Concept #29)
"The midpoint of a line segment connecting (x₁, y₁) and (x₂, y₂) is given by ((x₁ + x₂)/2, (y₁ + y₂)/2). This is concept #29 in the series.","Midpoint formula: ((x₁ + x₂)/2, (y₁ + y₂)/2) (Concept #29)"
The general form of the equation of a line is Ax + By + C = 0. This is concept #29 in the series.,General line form: Ax + By + C = 0 (Concept #29)
"The slope of a line passing through two points (x₁, y₁) and (x₂, y₂) is (y₂ - y₁) / (x₂ - x₁). This is concept #29 in the series.",Slope formula: (y₂ - y₁) / (x₂ - x₁) (Concept #29)
The equation of a parabola opening upwards with vertex at origin is y = ax². This is concept #29 in the series.,Parabola (upwards): y = ax² (Concept #29)
An ellipse with center at origin has equation (x²/a²) + (y²/b²) = 1. This is concept #29 in the series.,Ellipse equation: (x²/a²) + (y²/b²) = 1 (Concept #29)
A hyperbola with center at origin and transverse axis along x-axis has the equation (x²/a²) - (y²/b²) = 1. This is concept #29 in the series.,Hyperbola: (x²/a²) - (y²/b²) = 1 (Concept #29)
"Analytic geometry, also called coordinate geometry, is the study of geometry using a coordinate system. This is concept #30 in the series.",Analytic geometry uses coordinates to study geometric figures. (Concept #30)
"The distance between two points (x₁, y₁) and (x₂, y₂) is given by the formula √((x₂ - x₁)² + (y₂ - y₁)²). This is concept #30 in the series.",Distance formula: √((x₂ - x₁)² + (y₂ - y₁)²) (Concept #30)
"The equation of a straight line in slope-intercept form is y = mx + c, where m is the slope and c is the y-intercept. This is concept #30 in the series.",Line equation: y = mx + c (Concept #30)
"A circle with center at (a, b) and radius r has the equation (x - a)² + (y - b)² = r². This is concept #30 in the series.",Circle equation: (x - a)² + (y - b)² = r² (Concept #30)
"The midpoint of a line segment connecting (x₁, y₁) and (x₂, y₂) is given by ((x₁ + x₂)/2, (y₁ + y₂)/2). This is concept #30 in the series.","Midpoint formula: ((x₁ + x₂)/2, (y₁ + y₂)/2) (Concept #30)"
The general form of the equation of a line is Ax + By + C = 0. This is concept #30 in the series.,General line form: Ax + By + C = 0 (Concept #30)
"The slope of a line passing through two points (x₁, y₁) and (x₂, y₂) is (y₂ - y₁) / (x₂ - x₁). This is concept #30 in the series.",Slope formula: (y₂ - y₁) / (x₂ - x₁) (Concept #30)
The equation of a parabola opening upwards with vertex at origin is y = ax². This is concept #30 in the series.,Parabola (upwards): y = ax² (Concept #30)
An ellipse with center at origin has equation (x²/a²) + (y²/b²) = 1. This is concept #30 in the series.,Ellipse equation: (x²/a²) + (y²/b²) = 1 (Concept #30)
A hyperbola with center at origin and transverse axis along x-axis has the equation (x²/a²) - (y²/b²) = 1. This is concept #30 in the series.,Hyperbola: (x²/a²) - (y²/b²) = 1 (Concept #30)
"Analytic geometry, also called coordinate geometry, is the study of geometry using a coordinate system. This is concept #31 in the series.",Analytic geometry uses coordinates to study geometric figures. (Concept #31)
"The distance between two points (x₁, y₁) and (x₂, y₂) is given by the formula √((x₂ - x₁)² + (y₂ - y₁)²). This is concept #31 in the series.",Distance formula: √((x₂ - x₁)² + (y₂ - y₁)²) (Concept #31)
"The equation of a straight line in slope-intercept form is y = mx + c, where m is the slope and c is the y-intercept. This is concept #31 in the series.",Line equation: y = mx + c (Concept #31)
"A circle with center at (a, b) and radius r has the equation (x - a)² + (y - b)² = r². This is concept #31 in the series.",Circle equation: (x - a)² + (y - b)² = r² (Concept #31)
"The midpoint of a line segment connecting (x₁, y₁) and (x₂, y₂) is given by ((x₁ + x₂)/2, (y₁ + y₂)/2). This is concept #31 in the series.","Midpoint formula: ((x₁ + x₂)/2, (y₁ + y₂)/2) (Concept #31)"
The general form of the equation of a line is Ax + By + C = 0. This is concept #31 in the series.,General line form: Ax + By + C = 0 (Concept #31)
"The slope of a line passing through two points (x₁, y₁) and (x₂, y₂) is (y₂ - y₁) / (x₂ - x₁). This is concept #31 in the series.",Slope formula: (y₂ - y₁) / (x₂ - x₁) (Concept #31)
The equation of a parabola opening upwards with vertex at origin is y = ax². This is concept #31 in the series.,Parabola (upwards): y = ax² (Concept #31)
An ellipse with center at origin has equation (x²/a²) + (y²/b²) = 1. This is concept #31 in the series.,Ellipse equation: (x²/a²) + (y²/b²) = 1 (Concept #31)
A hyperbola with center at origin and transverse axis along x-axis has the equation (x²/a²) - (y²/b²) = 1. This is concept #31 in the series.,Hyperbola: (x²/a²) - (y²/b²) = 1 (Concept #31)
"Analytic geometry, also called coordinate geometry, is the study of geometry using a coordinate system. This is concept #32 in the series.",Analytic geometry uses coordinates to study geometric figures. (Concept #32)
"The distance between two points (x₁, y₁) and (x₂, y₂) is given by the formula √((x₂ - x₁)² + (y₂ - y₁)²). This is concept #32 in the series.",Distance formula: √((x₂ - x₁)² + (y₂ - y₁)²) (Concept #32)
"The equation of a straight line in slope-intercept form is y = mx + c, where m is the slope and c is the y-intercept. This is concept #32 in the series.",Line equation: y = mx + c (Concept #32)
"A circle with center at (a, b) and radius r has the equation (x - a)² + (y - b)² = r². This is concept #32 in the series.",Circle equation: (x - a)² + (y - b)² = r² (Concept #32)
"The midpoint of a line segment connecting (x₁, y₁) and (x₂, y₂) is given by ((x₁ + x₂)/2, (y₁ + y₂)/2). This is concept #32 in the series.","Midpoint formula: ((x₁ + x₂)/2, (y₁ + y₂)/2) (Concept #32)"
The general form of the equation of a line is Ax + By + C = 0. This is concept #32 in the series.,General line form: Ax + By + C = 0 (Concept #32)
"The slope of a line passing through two points (x₁, y₁) and (x₂, y₂) is (y₂ - y₁) / (x₂ - x₁). This is concept #32 in the series.",Slope formula: (y₂ - y₁) / (x₂ - x₁) (Concept #32)
The equation of a parabola opening upwards with vertex at origin is y = ax². This is concept #32 in the series.,Parabola (upwards): y = ax² (Concept #32)
An ellipse with center at origin has equation (x²/a²) + (y²/b²) = 1. This is concept #32 in the series.,Ellipse equation: (x²/a²) + (y²/b²) = 1 (Concept #32)
A hyperbola with center at origin and transverse axis along x-axis has the equation (x²/a²) - (y²/b²) = 1. This is concept #32 in the series.,Hyperbola: (x²/a²) - (y²/b²) = 1 (Concept #32)
"Analytic geometry, also called coordinate geometry, is the study of geometry using a coordinate system. This is concept #33 in the series.",Analytic geometry uses coordinates to study geometric figures. (Concept #33)
"The distance between two points (x₁, y₁) and (x₂, y₂) is given by the formula √((x₂ - x₁)² + (y₂ - y₁)²). This is concept #33 in the series.",Distance formula: √((x₂ - x₁)² + (y₂ - y₁)²) (Concept #33)
"The equation of a straight line in slope-intercept form is y = mx + c, where m is the slope and c is the y-intercept. This is concept #33 in the series.",Line equation: y = mx + c (Concept #33)
"A circle with center at (a, b) and radius r has the equation (x - a)² + (y - b)² = r². This is concept #33 in the series.",Circle equation: (x - a)² + (y - b)² = r² (Concept #33)
"The midpoint of a line segment connecting (x₁, y₁) and (x₂, y₂) is given by ((x₁ + x₂)/2, (y₁ + y₂)/2). This is concept #33 in the series.","Midpoint formula: ((x₁ + x₂)/2, (y₁ + y₂)/2) (Concept #33)"
The general form of the equation of a line is Ax + By + C = 0. This is concept #33 in the series.,General line form: Ax + By + C = 0 (Concept #33)
"The slope of a line passing through two points (x₁, y₁) and (x₂, y₂) is (y₂ - y₁) / (x₂ - x₁). This is concept #33 in the series.",Slope formula: (y₂ - y₁) / (x₂ - x₁) (Concept #33)
The equation of a parabola opening upwards with vertex at origin is y = ax². This is concept #33 in the series.,Parabola (upwards): y = ax² (Concept #33)
An ellipse with center at origin has equation (x²/a²) + (y²/b²) = 1. This is concept #33 in the series.,Ellipse equation: (x²/a²) + (y²/b²) = 1 (Concept #33)
A hyperbola with center at origin and transverse axis along x-axis has the equation (x²/a²) - (y²/b²) = 1. This is concept #33 in the series.,Hyperbola: (x²/a²) - (y²/b²) = 1 (Concept #33)
"Analytic geometry, also called coordinate geometry, is the study of geometry using a coordinate system. This is concept #34 in the series.",Analytic geometry uses coordinates to study geometric figures. (Concept #34)
"The distance between two points (x₁, y₁) and (x₂, y₂) is given by the formula √((x₂ - x₁)² + (y₂ - y₁)²). This is concept #34 in the series.",Distance formula: √((x₂ - x₁)² + (y₂ - y₁)²) (Concept #34)
"The equation of a straight line in slope-intercept form is y = mx + c, where m is the slope and c is the y-intercept. This is concept #34 in the series.",Line equation: y = mx + c (Concept #34)
"A circle with center at (a, b) and radius r has the equation (x - a)² + (y - b)² = r². This is concept #34 in the series.",Circle equation: (x - a)² + (y - b)² = r² (Concept #34)
"The midpoint of a line segment connecting (x₁, y₁) and (x₂, y₂) is given by ((x₁ + x₂)/2, (y₁ + y₂)/2). This is concept #34 in the series.","Midpoint formula: ((x₁ + x₂)/2, (y₁ + y₂)/2) (Concept #34)"
The general form of the equation of a line is Ax + By + C = 0. This is concept #34 in the series.,General line form: Ax + By + C = 0 (Concept #34)
"The slope of a line passing through two points (x₁, y₁) and (x₂, y₂) is (y₂ - y₁) / (x₂ - x₁). This is concept #34 in the series.",Slope formula: (y₂ - y₁) / (x₂ - x₁) (Concept #34)
The equation of a parabola opening upwards with vertex at origin is y = ax². This is concept #34 in the series.,Parabola (upwards): y = ax² (Concept #34)
An ellipse with center at origin has equation (x²/a²) + (y²/b²) = 1. This is concept #34 in the series.,Ellipse equation: (x²/a²) + (y²/b²) = 1 (Concept #34)
A hyperbola with center at origin and transverse axis along x-axis has the equation (x²/a²) - (y²/b²) = 1. This is concept #34 in the series.,Hyperbola: (x²/a²) - (y²/b²) = 1 (Concept #34)
"Analytic geometry, also called coordinate geometry, is the study of geometry using a coordinate system. This is concept #35 in the series.",Analytic geometry uses coordinates to study geometric figures. (Concept #35)
"The distance between two points (x₁, y₁) and (x₂, y₂) is given by the formula √((x₂ - x₁)² + (y₂ - y₁)²). This is concept #35 in the series.",Distance formula: √((x₂ - x₁)² + (y₂ - y₁)²) (Concept #35)
"The equation of a straight line in slope-intercept form is y = mx + c, where m is the slope and c is the y-intercept. This is concept #35 in the series.",Line equation: y = mx + c (Concept #35)
"A circle with center at (a, b) and radius r has the equation (x - a)² + (y - b)² = r². This is concept #35 in the series.",Circle equation: (x - a)² + (y - b)² = r² (Concept #35)
"The midpoint of a line segment connecting (x₁, y₁) and (x₂, y₂) is given by ((x₁ + x₂)/2, (y₁ + y₂)/2). This is concept #35 in the series.","Midpoint formula: ((x₁ + x₂)/2, (y₁ + y₂)/2) (Concept #35)"
The general form of the equation of a line is Ax + By + C = 0. This is concept #35 in the series.,General line form: Ax + By + C = 0 (Concept #35)
"The slope of a line passing through two points (x₁, y₁) and (x₂, y₂) is (y₂ - y₁) / (x₂ - x₁). This is concept #35 in the series.",Slope formula: (y₂ - y₁) / (x₂ - x₁) (Concept #35)
The equation of a parabola opening upwards with vertex at origin is y = ax². This is concept #35 in the series.,Parabola (upwards): y = ax² (Concept #35)
An ellipse with center at origin has equation (x²/a²) + (y²/b²) = 1. This is concept #35 in the series.,Ellipse equation: (x²/a²) + (y²/b²) = 1 (Concept #35)
A hyperbola with center at origin and transverse axis along x-axis has the equation (x²/a²) - (y²/b²) = 1. This is concept #35 in the series.,Hyperbola: (x²/a²) - (y²/b²) = 1 (Concept #35)
"Analytic geometry, also called coordinate geometry, is the study of geometry using a coordinate system. This is concept #36 in the series.",Analytic geometry uses coordinates to study geometric figures. (Concept #36)
"The distance between two points (x₁, y₁) and (x₂, y₂) is given by the formula √((x₂ - x₁)² + (y₂ - y₁)²). This is concept #36 in the series.",Distance formula: √((x₂ - x₁)² + (y₂ - y₁)²) (Concept #36)
"The equation of a straight line in slope-intercept form is y = mx + c, where m is the slope and c is the y-intercept. This is concept #36 in the series.",Line equation: y = mx + c (Concept #36)
"A circle with center at (a, b) and radius r has the equation (x - a)² + (y - b)² = r². This is concept #36 in the series.",Circle equation: (x - a)² + (y - b)² = r² (Concept #36)
"The midpoint of a line segment connecting (x₁, y₁) and (x₂, y₂) is given by ((x₁ + x₂)/2, (y₁ + y₂)/2). This is concept #36 in the series.","Midpoint formula: ((x₁ + x₂)/2, (y₁ + y₂)/2) (Concept #36)"
The general form of the equation of a line is Ax + By + C = 0. This is concept #36 in the series.,General line form: Ax + By + C = 0 (Concept #36)
"The slope of a line passing through two points (x₁, y₁) and (x₂, y₂) is (y₂ - y₁) / (x₂ - x₁). This is concept #36 in the series.",Slope formula: (y₂ - y₁) / (x₂ - x₁) (Concept #36)
The equation of a parabola opening upwards with vertex at origin is y = ax². This is concept #36 in the series.,Parabola (upwards): y = ax² (Concept #36)
An ellipse with center at origin has equation (x²/a²) + (y²/b²) = 1. This is concept #36 in the series.,Ellipse equation: (x²/a²) + (y²/b²) = 1 (Concept #36)
A hyperbola with center at origin and transverse axis along x-axis has the equation (x²/a²) - (y²/b²) = 1. This is concept #36 in the series.,Hyperbola: (x²/a²) - (y²/b²) = 1 (Concept #36)
"Analytic geometry, also called coordinate geometry, is the study of geometry using a coordinate system. This is concept #37 in the series.",Analytic geometry uses coordinates to study geometric figures. (Concept #37)
"The distance between two points (x₁, y₁) and (x₂, y₂) is given by the formula √((x₂ - x₁)² + (y₂ - y₁)²). This is concept #37 in the series.",Distance formula: √((x₂ - x₁)² + (y₂ - y₁)²) (Concept #37)
"The equation of a straight line in slope-intercept form is y = mx + c, where m is the slope and c is the y-intercept. This is concept #37 in the series.",Line equation: y = mx + c (Concept #37)
"A circle with center at (a, b) and radius r has the equation (x - a)² + (y - b)² = r². This is concept #37 in the series.",Circle equation: (x - a)² + (y - b)² = r² (Concept #37)
"The midpoint of a line segment connecting (x₁, y₁) and (x₂, y₂) is given by ((x₁ + x₂)/2, (y₁ + y₂)/2). This is concept #37 in the series.","Midpoint formula: ((x₁ + x₂)/2, (y₁ + y₂)/2) (Concept #37)"
The general form of the equation of a line is Ax + By + C = 0. This is concept #37 in the series.,General line form: Ax + By + C = 0 (Concept #37)
"The slope of a line passing through two points (x₁, y₁) and (x₂, y₂) is (y₂ - y₁) / (x₂ - x₁). This is concept #37 in the series.",Slope formula: (y₂ - y₁) / (x₂ - x₁) (Concept #37)
The equation of a parabola opening upwards with vertex at origin is y = ax². This is concept #37 in the series.,Parabola (upwards): y = ax² (Concept #37)
An ellipse with center at origin has equation (x²/a²) + (y²/b²) = 1. This is concept #37 in the series.,Ellipse equation: (x²/a²) + (y²/b²) = 1 (Concept #37)
A hyperbola with center at origin and transverse axis along x-axis has the equation (x²/a²) - (y²/b²) = 1. This is concept #37 in the series.,Hyperbola: (x²/a²) - (y²/b²) = 1 (Concept #37)
"Analytic geometry, also called coordinate geometry, is the study of geometry using a coordinate system. This is concept #38 in the series.",Analytic geometry uses coordinates to study geometric figures. (Concept #38)
"The distance between two points (x₁, y₁) and (x₂, y₂) is given by the formula √((x₂ - x₁)² + (y₂ - y₁)²). This is concept #38 in the series.",Distance formula: √((x₂ - x₁)² + (y₂ - y₁)²) (Concept #38)
"The equation of a straight line in slope-intercept form is y = mx + c, where m is the slope and c is the y-intercept. This is concept #38 in the series.",Line equation: y = mx + c (Concept #38)
"A circle with center at (a, b) and radius r has the equation (x - a)² + (y - b)² = r². This is concept #38 in the series.",Circle equation: (x - a)² + (y - b)² = r² (Concept #38)
"The midpoint of a line segment connecting (x₁, y₁) and (x₂, y₂) is given by ((x₁ + x₂)/2, (y₁ + y₂)/2). This is concept #38 in the series.","Midpoint formula: ((x₁ + x₂)/2, (y₁ + y₂)/2) (Concept #38)"
The general form of the equation of a line is Ax + By + C = 0. This is concept #38 in the series.,General line form: Ax + By + C = 0 (Concept #38)
"The slope of a line passing through two points (x₁, y₁) and (x₂, y₂) is (y₂ - y₁) / (x₂ - x₁). This is concept #38 in the series.",Slope formula: (y₂ - y₁) / (x₂ - x₁) (Concept #38)
The equation of a parabola opening upwards with vertex at origin is y = ax². This is concept #38 in the series.,Parabola (upwards): y = ax² (Concept #38)
An ellipse with center at origin has equation (x²/a²) + (y²/b²) = 1. This is concept #38 in the series.,Ellipse equation: (x²/a²) + (y²/b²) = 1 (Concept #38)
A hyperbola with center at origin and transverse axis along x-axis has the equation (x²/a²) - (y²/b²) = 1. This is concept #38 in the series.,Hyperbola: (x²/a²) - (y²/b²) = 1 (Concept #38)
"Analytic geometry, also called coordinate geometry, is the study of geometry using a coordinate system. This is concept #39 in the series.",Analytic geometry uses coordinates to study geometric figures. (Concept #39)
"The distance between two points (x₁, y₁) and (x₂, y₂) is given by the formula √((x₂ - x₁)² + (y₂ - y₁)²). This is concept #39 in the series.",Distance formula: √((x₂ - x₁)² + (y₂ - y₁)²) (Concept #39)
"The equation of a straight line in slope-intercept form is y = mx + c, where m is the slope and c is the y-intercept. This is concept #39 in the series.",Line equation: y = mx + c (Concept #39)
"A circle with center at (a, b) and radius r has the equation (x - a)² + (y - b)² = r². This is concept #39 in the series.",Circle equation: (x - a)² + (y - b)² = r² (Concept #39)
"The midpoint of a line segment connecting (x₁, y₁) and (x₂, y₂) is given by ((x₁ + x₂)/2, (y₁ + y₂)/2). This is concept #39 in the series.","Midpoint formula: ((x₁ + x₂)/2, (y₁ + y₂)/2) (Concept #39)"
The general form of the equation of a line is Ax + By + C = 0. This is concept #39 in the series.,General line form: Ax + By + C = 0 (Concept #39)
"The slope of a line passing through two points (x₁, y₁) and (x₂, y₂) is (y₂ - y₁) / (x₂ - x₁). This is concept #39 in the series.",Slope formula: (y₂ - y₁) / (x₂ - x₁) (Concept #39)
The equation of a parabola opening upwards with vertex at origin is y = ax². This is concept #39 in the series.,Parabola (upwards): y = ax² (Concept #39)
An ellipse with center at origin has equation (x²/a²) + (y²/b²) = 1. This is concept #39 in the series.,Ellipse equation: (x²/a²) + (y²/b²) = 1 (Concept #39)
A hyperbola with center at origin and transverse axis along x-axis has the equation (x²/a²) - (y²/b²) = 1. This is concept #39 in the series.,Hyperbola: (x²/a²) - (y²/b²) = 1 (Concept #39)
"Analytic geometry, also called coordinate geometry, is the study of geometry using a coordinate system. This is concept #40 in the series.",Analytic geometry uses coordinates to study geometric figures. (Concept #40)
"The distance between two points (x₁, y₁) and (x₂, y₂) is given by the formula √((x₂ - x₁)² + (y₂ - y₁)²). This is concept #40 in the series.",Distance formula: √((x₂ - x₁)² + (y₂ - y₁)²) (Concept #40)
"The equation of a straight line in slope-intercept form is y = mx + c, where m is the slope and c is the y-intercept. This is concept #40 in the series.",Line equation: y = mx + c (Concept #40)
"A circle with center at (a, b) and radius r has the equation (x - a)² + (y - b)² = r². This is concept #40 in the series.",Circle equation: (x - a)² + (y - b)² = r² (Concept #40)
"The midpoint of a line segment connecting (x₁, y₁) and (x₂, y₂) is given by ((x₁ + x₂)/2, (y₁ + y₂)/2). This is concept #40 in the series.","Midpoint formula: ((x₁ + x₂)/2, (y₁ + y₂)/2) (Concept #40)"
The general form of the equation of a line is Ax + By + C = 0. This is concept #40 in the series.,General line form: Ax + By + C = 0 (Concept #40)
"The slope of a line passing through two points (x₁, y₁) and (x₂, y₂) is (y₂ - y₁) / (x₂ - x₁). This is concept #40 in the series.",Slope formula: (y₂ - y₁) / (x₂ - x₁) (Concept #40)
The equation of a parabola opening upwards with vertex at origin is y = ax². This is concept #40 in the series.,Parabola (upwards): y = ax² (Concept #40)
An ellipse with center at origin has equation (x²/a²) + (y²/b²) = 1. This is concept #40 in the series.,Ellipse equation: (x²/a²) + (y²/b²) = 1 (Concept #40)
A hyperbola with center at origin and transverse axis along x-axis has the equation (x²/a²) - (y²/b²) = 1. This is concept #40 in the series.,Hyperbola: (x²/a²) - (y²/b²) = 1 (Concept #40)
"Analytic geometry, also called coordinate geometry, is the study of geometry using a coordinate system. This is concept #41 in the series.",Analytic geometry uses coordinates to study geometric figures. (Concept #41)
"The distance between two points (x₁, y₁) and (x₂, y₂) is given by the formula √((x₂ - x₁)² + (y₂ - y₁)²). This is concept #41 in the series.",Distance formula: √((x₂ - x₁)² + (y₂ - y₁)²) (Concept #41)
"The equation of a straight line in slope-intercept form is y = mx + c, where m is the slope and c is the y-intercept. This is concept #41 in the series.",Line equation: y = mx + c (Concept #41)
"A circle with center at (a, b) and radius r has the equation (x - a)² + (y - b)² = r². This is concept #41 in the series.",Circle equation: (x - a)² + (y - b)² = r² (Concept #41)
"The midpoint of a line segment connecting (x₁, y₁) and (x₂, y₂) is given by ((x₁ + x₂)/2, (y₁ + y₂)/2). This is concept #41 in the series.","Midpoint formula: ((x₁ + x₂)/2, (y₁ + y₂)/2) (Concept #41)"
The general form of the equation of a line is Ax + By + C = 0. This is concept #41 in the series.,General line form: Ax + By + C = 0 (Concept #41)
"The slope of a line passing through two points (x₁, y₁) and (x₂, y₂) is (y₂ - y₁) / (x₂ - x₁). This is concept #41 in the series.",Slope formula: (y₂ - y₁) / (x₂ - x₁) (Concept #41)
The equation of a parabola opening upwards with vertex at origin is y = ax². This is concept #41 in the series.,Parabola (upwards): y = ax² (Concept #41)
An ellipse with center at origin has equation (x²/a²) + (y²/b²) = 1. This is concept #41 in the series.,Ellipse equation: (x²/a²) + (y²/b²) = 1 (Concept #41)
A hyperbola with center at origin and transverse axis along x-axis has the equation (x²/a²) - (y²/b²) = 1. This is concept #41 in the series.,Hyperbola: (x²/a²) - (y²/b²) = 1 (Concept #41)
"Analytic geometry, also called coordinate geometry, is the study of geometry using a coordinate system. This is concept #42 in the series.",Analytic geometry uses coordinates to study geometric figures. (Concept #42)
"The distance between two points (x₁, y₁) and (x₂, y₂) is given by the formula √((x₂ - x₁)² + (y₂ - y₁)²). This is concept #42 in the series.",Distance formula: √((x₂ - x₁)² + (y₂ - y₁)²) (Concept #42)
"The equation of a straight line in slope-intercept form is y = mx + c, where m is the slope and c is the y-intercept. This is concept #42 in the series.",Line equation: y = mx + c (Concept #42)
"A circle with center at (a, b) and radius r has the equation (x - a)² + (y - b)² = r². This is concept #42 in the series.",Circle equation: (x - a)² + (y - b)² = r² (Concept #42)
"The midpoint of a line segment connecting (x₁, y₁) and (x₂, y₂) is given by ((x₁ + x₂)/2, (y₁ + y₂)/2). This is concept #42 in the series.","Midpoint formula: ((x₁ + x₂)/2, (y₁ + y₂)/2) (Concept #42)"
The general form of the equation of a line is Ax + By + C = 0. This is concept #42 in the series.,General line form: Ax + By + C = 0 (Concept #42)
"The slope of a line passing through two points (x₁, y₁) and (x₂, y₂) is (y₂ - y₁) / (x₂ - x₁). This is concept #42 in the series.",Slope formula: (y₂ - y₁) / (x₂ - x₁) (Concept #42)
The equation of a parabola opening upwards with vertex at origin is y = ax². This is concept #42 in the series.,Parabola (upwards): y = ax² (Concept #42)
An ellipse with center at origin has equation (x²/a²) + (y²/b²) = 1. This is concept #42 in the series.,Ellipse equation: (x²/a²) + (y²/b²) = 1 (Concept #42)
A hyperbola with center at origin and transverse axis along x-axis has the equation (x²/a²) - (y²/b²) = 1. This is concept #42 in the series.,Hyperbola: (x²/a²) - (y²/b²) = 1 (Concept #42)
"Analytic geometry, also called coordinate geometry, is the study of geometry using a coordinate system. This is concept #43 in the series.",Analytic geometry uses coordinates to study geometric figures. (Concept #43)
"The distance between two points (x₁, y₁) and (x₂, y₂) is given by the formula √((x₂ - x₁)² + (y₂ - y₁)²). This is concept #43 in the series.",Distance formula: √((x₂ - x₁)² + (y₂ - y₁)²) (Concept #43)
"The equation of a straight line in slope-intercept form is y = mx + c, where m is the slope and c is the y-intercept. This is concept #43 in the series.",Line equation: y = mx + c (Concept #43)
"A circle with center at (a, b) and radius r has the equation (x - a)² + (y - b)² = r². This is concept #43 in the series.",Circle equation: (x - a)² + (y - b)² = r² (Concept #43)
"The midpoint of a line segment connecting (x₁, y₁) and (x₂, y₂) is given by ((x₁ + x₂)/2, (y₁ + y₂)/2). This is concept #43 in the series.","Midpoint formula: ((x₁ + x₂)/2, (y₁ + y₂)/2) (Concept #43)"
The general form of the equation of a line is Ax + By + C = 0. This is concept #43 in the series.,General line form: Ax + By + C = 0 (Concept #43)
"The slope of a line passing through two points (x₁, y₁) and (x₂, y₂) is (y₂ - y₁) / (x₂ - x₁). This is concept #43 in the series.",Slope formula: (y₂ - y₁) / (x₂ - x₁) (Concept #43)
The equation of a parabola opening upwards with vertex at origin is y = ax². This is concept #43 in the series.,Parabola (upwards): y = ax² (Concept #43)
An ellipse with center at origin has equation (x²/a²) + (y²/b²) = 1. This is concept #43 in the series.,Ellipse equation: (x²/a²) + (y²/b²) = 1 (Concept #43)
A hyperbola with center at origin and transverse axis along x-axis has the equation (x²/a²) - (y²/b²) = 1. This is concept #43 in the series.,Hyperbola: (x²/a²) - (y²/b²) = 1 (Concept #43)
"Analytic geometry, also called coordinate geometry, is the study of geometry using a coordinate system. This is concept #44 in the series.",Analytic geometry uses coordinates to study geometric figures. (Concept #44)
"The distance between two points (x₁, y₁) and (x₂, y₂) is given by the formula √((x₂ - x₁)² + (y₂ - y₁)²). This is concept #44 in the series.",Distance formula: √((x₂ - x₁)² + (y₂ - y₁)²) (Concept #44)
"The equation of a straight line in slope-intercept form is y = mx + c, where m is the slope and c is the y-intercept. This is concept #44 in the series.",Line equation: y = mx + c (Concept #44)
"A circle with center at (a, b) and radius r has the equation (x - a)² + (y - b)² = r². This is concept #44 in the series.",Circle equation: (x - a)² + (y - b)² = r² (Concept #44)
"The midpoint of a line segment connecting (x₁, y₁) and (x₂, y₂) is given by ((x₁ + x₂)/2, (y₁ + y₂)/2). This is concept #44 in the series.","Midpoint formula: ((x₁ + x₂)/2, (y₁ + y₂)/2) (Concept #44)"
The general form of the equation of a line is Ax + By + C = 0. This is concept #44 in the series.,General line form: Ax + By + C = 0 (Concept #44)
"The slope of a line passing through two points (x₁, y₁) and (x₂, y₂) is (y₂ - y₁) / (x₂ - x₁). This is concept #44 in the series.",Slope formula: (y₂ - y₁) / (x₂ - x₁) (Concept #44)
The equation of a parabola opening upwards with vertex at origin is y = ax². This is concept #44 in the series.,Parabola (upwards): y = ax² (Concept #44)
An ellipse with center at origin has equation (x²/a²) + (y²/b²) = 1. This is concept #44 in the series.,Ellipse equation: (x²/a²) + (y²/b²) = 1 (Concept #44)
A hyperbola with center at origin and transverse axis along x-axis has the equation (x²/a²) - (y²/b²) = 1. This is concept #44 in the series.,Hyperbola: (x²/a²) - (y²/b²) = 1 (Concept #44)
"Analytic geometry, also called coordinate geometry, is the study of geometry using a coordinate system. This is concept #45 in the series.",Analytic geometry uses coordinates to study geometric figures. (Concept #45)
"The distance between two points (x₁, y₁) and (x₂, y₂) is given by the formula √((x₂ - x₁)² + (y₂ - y₁)²). This is concept #45 in the series.",Distance formula: √((x₂ - x₁)² + (y₂ - y₁)²) (Concept #45)
"The equation of a straight line in slope-intercept form is y = mx + c, where m is the slope and c is the y-intercept. This is concept #45 in the series.",Line equation: y = mx + c (Concept #45)
"A circle with center at (a, b) and radius r has the equation (x - a)² + (y - b)² = r². This is concept #45 in the series.",Circle equation: (x - a)² + (y - b)² = r² (Concept #45)
"The midpoint of a line segment connecting (x₁, y₁) and (x₂, y₂) is given by ((x₁ + x₂)/2, (y₁ + y₂)/2). This is concept #45 in the series.","Midpoint formula: ((x₁ + x₂)/2, (y₁ + y₂)/2) (Concept #45)"
The general form of the equation of a line is Ax + By + C = 0. This is concept #45 in the series.,General line form: Ax + By + C = 0 (Concept #45)
"The slope of a line passing through two points (x₁, y₁) and (x₂, y₂) is (y₂ - y₁) / (x₂ - x₁). This is concept #45 in the series.",Slope formula: (y₂ - y₁) / (x₂ - x₁) (Concept #45)
The equation of a parabola opening upwards with vertex at origin is y = ax². This is concept #45 in the series.,Parabola (upwards): y = ax² (Concept #45)
An ellipse with center at origin has equation (x²/a²) + (y²/b²) = 1. This is concept #45 in the series.,Ellipse equation: (x²/a²) + (y²/b²) = 1 (Concept #45)
A hyperbola with center at origin and transverse axis along x-axis has the equation (x²/a²) - (y²/b²) = 1. This is concept #45 in the series.,Hyperbola: (x²/a²) - (y²/b²) = 1 (Concept #45)
"Analytic geometry, also called coordinate geometry, is the study of geometry using a coordinate system. This is concept #46 in the series.",Analytic geometry uses coordinates to study geometric figures. (Concept #46)
"The distance between two points (x₁, y₁) and (x₂, y₂) is given by the formula √((x₂ - x₁)² + (y₂ - y₁)²). This is concept #46 in the series.",Distance formula: √((x₂ - x₁)² + (y₂ - y₁)²) (Concept #46)
"The equation of a straight line in slope-intercept form is y = mx + c, where m is the slope and c is the y-intercept. This is concept #46 in the series.",Line equation: y = mx + c (Concept #46)
"A circle with center at (a, b) and radius r has the equation (x - a)² + (y - b)² = r². This is concept #46 in the series.",Circle equation: (x - a)² + (y - b)² = r² (Concept #46)
"The midpoint of a line segment connecting (x₁, y₁) and (x₂, y₂) is given by ((x₁ + x₂)/2, (y₁ + y₂)/2). This is concept #46 in the series.","Midpoint formula: ((x₁ + x₂)/2, (y₁ + y₂)/2) (Concept #46)"
The general form of the equation of a line is Ax + By + C = 0. This is concept #46 in the series.,General line form: Ax + By + C = 0 (Concept #46)
"The slope of a line passing through two points (x₁, y₁) and (x₂, y₂) is (y₂ - y₁) / (x₂ - x₁). This is concept #46 in the series.",Slope formula: (y₂ - y₁) / (x₂ - x₁) (Concept #46)
The equation of a parabola opening upwards with vertex at origin is y = ax². This is concept #46 in the series.,Parabola (upwards): y = ax² (Concept #46)
An ellipse with center at origin has equation (x²/a²) + (y²/b²) = 1. This is concept #46 in the series.,Ellipse equation: (x²/a²) + (y²/b²) = 1 (Concept #46)
A hyperbola with center at origin and transverse axis along x-axis has the equation (x²/a²) - (y²/b²) = 1. This is concept #46 in the series.,Hyperbola: (x²/a²) - (y²/b²) = 1 (Concept #46)
"Analytic geometry, also called coordinate geometry, is the study of geometry using a coordinate system. This is concept #47 in the series.",Analytic geometry uses coordinates to study geometric figures. (Concept #47)
"The distance between two points (x₁, y₁) and (x₂, y₂) is given by the formula √((x₂ - x₁)² + (y₂ - y₁)²). This is concept #47 in the series.",Distance formula: √((x₂ - x₁)² + (y₂ - y₁)²) (Concept #47)
"The equation of a straight line in slope-intercept form is y = mx + c, where m is the slope and c is the y-intercept. This is concept #47 in the series.",Line equation: y = mx + c (Concept #47)
"A circle with center at (a, b) and radius r has the equation (x - a)² + (y - b)² = r². This is concept #47 in the series.",Circle equation: (x - a)² + (y - b)² = r² (Concept #47)
"The midpoint of a line segment connecting (x₁, y₁) and (x₂, y₂) is given by ((x₁ + x₂)/2, (y₁ + y₂)/2). This is concept #47 in the series.","Midpoint formula: ((x₁ + x₂)/2, (y₁ + y₂)/2) (Concept #47)"
The general form of the equation of a line is Ax + By + C = 0. This is concept #47 in the series.,General line form: Ax + By + C = 0 (Concept #47)
"The slope of a line passing through two points (x₁, y₁) and (x₂, y₂) is (y₂ - y₁) / (x₂ - x₁). This is concept #47 in the series.",Slope formula: (y₂ - y₁) / (x₂ - x₁) (Concept #47)
The equation of a parabola opening upwards with vertex at origin is y = ax². This is concept #47 in the series.,Parabola (upwards): y = ax² (Concept #47)
An ellipse with center at origin has equation (x²/a²) + (y²/b²) = 1. This is concept #47 in the series.,Ellipse equation: (x²/a²) + (y²/b²) = 1 (Concept #47)
A hyperbola with center at origin and transverse axis along x-axis has the equation (x²/a²) - (y²/b²) = 1. This is concept #47 in the series.,Hyperbola: (x²/a²) - (y²/b²) = 1 (Concept #47)
"Analytic geometry, also called coordinate geometry, is the study of geometry using a coordinate system. This is concept #48 in the series.",Analytic geometry uses coordinates to study geometric figures. (Concept #48)
"The distance between two points (x₁, y₁) and (x₂, y₂) is given by the formula √((x₂ - x₁)² + (y₂ - y₁)²). This is concept #48 in the series.",Distance formula: √((x₂ - x₁)² + (y₂ - y₁)²) (Concept #48)
"The equation of a straight line in slope-intercept form is y = mx + c, where m is the slope and c is the y-intercept. This is concept #48 in the series.",Line equation: y = mx + c (Concept #48)
"A circle with center at (a, b) and radius r has the equation (x - a)² + (y - b)² = r². This is concept #48 in the series.",Circle equation: (x - a)² + (y - b)² = r² (Concept #48)
"The midpoint of a line segment connecting (x₁, y₁) and (x₂, y₂) is given by ((x₁ + x₂)/2, (y₁ + y₂)/2). This is concept #48 in the series.","Midpoint formula: ((x₁ + x₂)/2, (y₁ + y₂)/2) (Concept #48)"
The general form of the equation of a line is Ax + By + C = 0. This is concept #48 in the series.,General line form: Ax + By + C = 0 (Concept #48)
"The slope of a line passing through two points (x₁, y₁) and (x₂, y₂) is (y₂ - y₁) / (x₂ - x₁). This is concept #48 in the series.",Slope formula: (y₂ - y₁) / (x₂ - x₁) (Concept #48)
The equation of a parabola opening upwards with vertex at origin is y = ax². This is concept #48 in the series.,Parabola (upwards): y = ax² (Concept #48)
An ellipse with center at origin has equation (x²/a²) + (y²/b²) = 1. This is concept #48 in the series.,Ellipse equation: (x²/a²) + (y²/b²) = 1 (Concept #48)
A hyperbola with center at origin and transverse axis along x-axis has the equation (x²/a²) - (y²/b²) = 1. This is concept #48 in the series.,Hyperbola: (x²/a²) - (y²/b²) = 1 (Concept #48)
"Analytic geometry, also called coordinate geometry, is the study of geometry using a coordinate system. This is concept #49 in the series.",Analytic geometry uses coordinates to study geometric figures. (Concept #49)
"The distance between two points (x₁, y₁) and (x₂, y₂) is given by the formula √((x₂ - x₁)² + (y₂ - y₁)²). This is concept #49 in the series.",Distance formula: √((x₂ - x₁)² + (y₂ - y₁)²) (Concept #49)
"The equation of a straight line in slope-intercept form is y = mx + c, where m is the slope and c is the y-intercept. This is concept #49 in the series.",Line equation: y = mx + c (Concept #49)
"A circle with center at (a, b) and radius r has the equation (x - a)² + (y - b)² = r². This is concept #49 in the series.",Circle equation: (x - a)² + (y - b)² = r² (Concept #49)
"The midpoint of a line segment connecting (x₁, y₁) and (x₂, y₂) is given by ((x₁ + x₂)/2, (y₁ + y₂)/2). This is concept #49 in the series.","Midpoint formula: ((x₁ + x₂)/2, (y₁ + y₂)/2) (Concept #49)"
The general form of the equation of a line is Ax + By + C = 0. This is concept #49 in the series.,General line form: Ax + By + C = 0 (Concept #49)
"The slope of a line passing through two points (x₁, y₁) and (x₂, y₂) is (y₂ - y₁) / (x₂ - x₁). This is concept #49 in the series.",Slope formula: (y₂ - y₁) / (x₂ - x₁) (Concept #49)
The equation of a parabola opening upwards with vertex at origin is y = ax². This is concept #49 in the series.,Parabola (upwards): y = ax² (Concept #49)
An ellipse with center at origin has equation (x²/a²) + (y²/b²) = 1. This is concept #49 in the series.,Ellipse equation: (x²/a²) + (y²/b²) = 1 (Concept #49)
A hyperbola with center at origin and transverse axis along x-axis has the equation (x²/a²) - (y²/b²) = 1. This is concept #49 in the series.,Hyperbola: (x²/a²) - (y²/b²) = 1 (Concept #49)
"Analytic geometry, also called coordinate geometry, is the study of geometry using a coordinate system. This is concept #50 in the series.",Analytic geometry uses coordinates to study geometric figures. (Concept #50)
"The distance between two points (x₁, y₁) and (x₂, y₂) is given by the formula √((x₂ - x₁)² + (y₂ - y₁)²). This is concept #50 in the series.",Distance formula: √((x₂ - x₁)² + (y₂ - y₁)²) (Concept #50)
"The equation of a straight line in slope-intercept form is y = mx + c, where m is the slope and c is the y-intercept. This is concept #50 in the series.",Line equation: y = mx + c (Concept #50)
"A circle with center at (a, b) and radius r has the equation (x - a)² + (y - b)² = r². This is concept #50 in the series.",Circle equation: (x - a)² + (y - b)² = r² (Concept #50)
"The midpoint of a line segment connecting (x₁, y₁) and (x₂, y₂) is given by ((x₁ + x₂)/2, (y₁ + y₂)/2). This is concept #50 in the series.","Midpoint formula: ((x₁ + x₂)/2, (y₁ + y₂)/2) (Concept #50)"
The general form of the equation of a line is Ax + By + C = 0. This is concept #50 in the series.,General line form: Ax + By + C = 0 (Concept #50)
"The slope of a line passing through two points (x₁, y₁) and (x₂, y₂) is (y₂ - y₁) / (x₂ - x₁). This is concept #50 in the series.",Slope formula: (y₂ - y₁) / (x₂ - x₁) (Concept #50)
The equation of a parabola opening upwards with vertex at origin is y = ax². This is concept #50 in the series.,Parabola (upwards): y = ax² (Concept #50)
An ellipse with center at origin has equation (x²/a²) + (y²/b²) = 1. This is concept #50 in the series.,Ellipse equation: (x²/a²) + (y²/b²) = 1 (Concept #50)
A hyperbola with center at origin and transverse axis along x-axis has the equation (x²/a²) - (y²/b²) = 1. This is concept #50 in the series.,Hyperbola: (x²/a²) - (y²/b²) = 1 (Concept #50)
